"LOCATION","INDICATOR","SUBJECT","MEASURE","FREQUENCY","TIME","Value","Flag Codes"
"AUS","AVWAGE","TOT","USD","A","1990",36682.9424245499,
"AUS","AVWAGE","TOT","USD","A","1991",36776.247678289,
"AUS","AVWAGE","TOT","USD","A","1992",37692.1293581794,
"AUS","AVWAGE","TOT","USD","A","1993",38112.6902790538,
"AUS","AVWAGE","TOT","USD","A","1994",38488.1166339944,
"AUS","AVWAGE","TOT","USD","A","1995",38437.083762478,
"AUS","AVWAGE","TOT","USD","A","1996",39667.5328969155,
"AUS","AVWAGE","TOT","USD","A","1997",40902.825365701,
"AUS","AVWAGE","TOT","USD","A","1998",41503.2363904709,
"AUS","AVWAGE","TOT","USD","A","1999",42556.1699851221,
"AUS","AVWAGE","TOT","USD","A","2000",42702.4258817753,
"AUS","AVWAGE","TOT","USD","A","2001",42311.0782255412,
"AUS","AVWAGE","TOT","USD","A","2002",42602.2776924458,
"AUS","AVWAGE","TOT","USD","A","2003",43100.6562171521,
"AUS","AVWAGE","TOT","USD","A","2004",44441.8135415268,
"AUS","AVWAGE","TOT","USD","A","2005",45016.2076778619,
"AUS","AVWAGE","TOT","USD","A","2006",45307.3515170443,
"AUS","AVWAGE","TOT","USD","A","2007",46557.6186573139,
"AUS","AVWAGE","TOT","USD","A","2008",46933.1864213091,
"AUS","AVWAGE","TOT","USD","A","2009",46507.5883264452,
"AUS","AVWAGE","TOT","USD","A","2010",48111.5464309697,
"AUS","AVWAGE","TOT","USD","A","2011",49621.8404407184,
"AUS","AVWAGE","TOT","USD","A","2012",49900.6480697867,
"AUS","AVWAGE","TOT","USD","A","2013",49648.7720561079,
"AUS","AVWAGE","TOT","USD","A","2014",49988.5582048906,
"AUS","AVWAGE","TOT","USD","A","2015",49562.7961917006,
"AUS","AVWAGE","TOT","USD","A","2016",49603.2666562394,
"AUS","AVWAGE","TOT","USD","A","2017",49125.8672341823,
"AUT","AVWAGE","TOT","USD","A","1990",40180.7455989152,
"AUT","AVWAGE","TOT","USD","A","1991",41436.7389989039,
"AUT","AVWAGE","TOT","USD","A","1992",42271.537919918,
"AUT","AVWAGE","TOT","USD","A","1993",42616.1899322922,
"AUT","AVWAGE","TOT","USD","A","1994",43045.5605092534,
"AUT","AVWAGE","TOT","USD","A","1995",43392.341548938,
"AUT","AVWAGE","TOT","USD","A","1996",43075.9821186398,
"AUT","AVWAGE","TOT","USD","A","1997",42715.1441072402,
"AUT","AVWAGE","TOT","USD","A","1998",44092.6764090192,
"AUT","AVWAGE","TOT","USD","A","1999",45060.0288196076,
"AUT","AVWAGE","TOT","USD","A","2000",45188.0031051172,
"AUT","AVWAGE","TOT","USD","A","2001",45068.9903074612,
"AUT","AVWAGE","TOT","USD","A","2002",45732.5834869296,
"AUT","AVWAGE","TOT","USD","A","2003",45854.5244699377,
"AUT","AVWAGE","TOT","USD","A","2004",46723.2221747289,
"AUT","AVWAGE","TOT","USD","A","2005",46963.2346598264,
"AUT","AVWAGE","TOT","USD","A","2006",47654.1500606673,
"AUT","AVWAGE","TOT","USD","A","2007",47895.2314113613,
"AUT","AVWAGE","TOT","USD","A","2008",48739.8569797832,
"AUT","AVWAGE","TOT","USD","A","2009",49520.7788557193,
"AUT","AVWAGE","TOT","USD","A","2010",49315.9163089574,
"AUT","AVWAGE","TOT","USD","A","2011",48809.4621652132,
"AUT","AVWAGE","TOT","USD","A","2012",49046.7076455864,
"AUT","AVWAGE","TOT","USD","A","2013",49119.5245501376,
"AUT","AVWAGE","TOT","USD","A","2014",49298.5666866514,
"AUT","AVWAGE","TOT","USD","A","2015",49694.5120670289,
"AUT","AVWAGE","TOT","USD","A","2016",50330.4552242943,
"AUT","AVWAGE","TOT","USD","A","2017",50348.9401981944,
"BEL","AVWAGE","TOT","USD","A","1990",41140.9385689379,
"BEL","AVWAGE","TOT","USD","A","1991",42776.7052461695,
"BEL","AVWAGE","TOT","USD","A","1992",43919.4479734754,
"BEL","AVWAGE","TOT","USD","A","1993",44547.8807641453,
"BEL","AVWAGE","TOT","USD","A","1994",45188.764767722,
"BEL","AVWAGE","TOT","USD","A","1995",44785.9839510677,
"BEL","AVWAGE","TOT","USD","A","1996",45265.4249212295,
"BEL","AVWAGE","TOT","USD","A","1997",45899.6301823603,
"BEL","AVWAGE","TOT","USD","A","1998",45822.2639439387,
"BEL","AVWAGE","TOT","USD","A","1999",48270.3617036288,
"BEL","AVWAGE","TOT","USD","A","2000",47950.3239317737,
"BEL","AVWAGE","TOT","USD","A","2001",48221.8165468763,
"BEL","AVWAGE","TOT","USD","A","2002",49036.1355698971,
"BEL","AVWAGE","TOT","USD","A","2003",49230.7676728333,
"BEL","AVWAGE","TOT","USD","A","2004",48990.3182500842,
"BEL","AVWAGE","TOT","USD","A","2005",48688.0973575937,
"BEL","AVWAGE","TOT","USD","A","2006",48889.5317517214,
"BEL","AVWAGE","TOT","USD","A","2007",48658.5261971899,
"BEL","AVWAGE","TOT","USD","A","2008",48808.8687239112,
"BEL","AVWAGE","TOT","USD","A","2009",49226.9341746211,
"BEL","AVWAGE","TOT","USD","A","2010",48940.5782900736,
"BEL","AVWAGE","TOT","USD","A","2011",49382.3864044152,
"BEL","AVWAGE","TOT","USD","A","2012",49714.5513424921,
"BEL","AVWAGE","TOT","USD","A","2013",50362.6586290707,
"BEL","AVWAGE","TOT","USD","A","2014",50583.0421345091,
"BEL","AVWAGE","TOT","USD","A","2015",50259.1820690747,
"BEL","AVWAGE","TOT","USD","A","2016",50041.0771459814,
"BEL","AVWAGE","TOT","USD","A","2017",49674.9950476864,
"CAN","AVWAGE","TOT","USD","A","1990",34321.9347027396,
"CAN","AVWAGE","TOT","USD","A","1991",34115.2030670587,
"CAN","AVWAGE","TOT","USD","A","1992",34634.5231023176,
"CAN","AVWAGE","TOT","USD","A","1993",34588.9038233341,
"CAN","AVWAGE","TOT","USD","A","1994",34418.5127335618,
"CAN","AVWAGE","TOT","USD","A","1995",34519.4088387694,
"CAN","AVWAGE","TOT","USD","A","1996",34874.5457364194,
"CAN","AVWAGE","TOT","USD","A","1997",36207.175148775,
"CAN","AVWAGE","TOT","USD","A","1998",36936.6736861053,
"CAN","AVWAGE","TOT","USD","A","1999",37410.4084795312,
"CAN","AVWAGE","TOT","USD","A","2000",38466.6566280747,
"CAN","AVWAGE","TOT","USD","A","2001",38308.5753582263,
"CAN","AVWAGE","TOT","USD","A","2002",37896.0596486427,
"CAN","AVWAGE","TOT","USD","A","2003",37901.6682046413,
"CAN","AVWAGE","TOT","USD","A","2004",38919.5083320825,
"CAN","AVWAGE","TOT","USD","A","2005",40585.3810278452,
"CAN","AVWAGE","TOT","USD","A","2006",41870.5851291601,
"CAN","AVWAGE","TOT","USD","A","2007",42882.1152802736,
"CAN","AVWAGE","TOT","USD","A","2008",43692.4758336109,
"CAN","AVWAGE","TOT","USD","A","2009",44161.552643477,
"CAN","AVWAGE","TOT","USD","A","2010",44335.6986478899,
"CAN","AVWAGE","TOT","USD","A","2011",45015.6349522645,
"CAN","AVWAGE","TOT","USD","A","2012",46059.3228474804,
"CAN","AVWAGE","TOT","USD","A","2013",46937.3167948156,
"CAN","AVWAGE","TOT","USD","A","2014",47453.004608298,
"CAN","AVWAGE","TOT","USD","A","2015",47673.3254254925,
"CAN","AVWAGE","TOT","USD","A","2016",47370.1955214848,
"CAN","AVWAGE","TOT","USD","A","2017",47621.8436526166,
"CZE","AVWAGE","TOT","USD","A","1995",13284.5279371902,
"CZE","AVWAGE","TOT","USD","A","1996",14620.3875792486,
"CZE","AVWAGE","TOT","USD","A","1997",14829.7606130016,
"CZE","AVWAGE","TOT","USD","A","1998",14755.9218845927,
"CZE","AVWAGE","TOT","USD","A","1999",15306.1230062657,
"CZE","AVWAGE","TOT","USD","A","2000",15805.0235357265,
"CZE","AVWAGE","TOT","USD","A","2001",16314.5151828103,
"CZE","AVWAGE","TOT","USD","A","2002",17563.4853204811,
"CZE","AVWAGE","TOT","USD","A","2003",18890.7175094083,
"CZE","AVWAGE","TOT","USD","A","2004",19819.2143075766,
"CZE","AVWAGE","TOT","USD","A","2005",20414.8794329373,
"CZE","AVWAGE","TOT","USD","A","2006",21230.3535536868,
"CZE","AVWAGE","TOT","USD","A","2007",21870.2457073523,
"CZE","AVWAGE","TOT","USD","A","2008",21880.2366627302,
"CZE","AVWAGE","TOT","USD","A","2009",21830.879734271,
"CZE","AVWAGE","TOT","USD","A","2010",22388.227589263,
"CZE","AVWAGE","TOT","USD","A","2011",22540.9787691982,
"CZE","AVWAGE","TOT","USD","A","2012",22528.4127932473,
"CZE","AVWAGE","TOT","USD","A","2013",22290.4946988665,
"CZE","AVWAGE","TOT","USD","A","2014",22757.3383887199,
"CZE","AVWAGE","TOT","USD","A","2015",23380.7429536061,
"CZE","AVWAGE","TOT","USD","A","2016",24330.753582818,
"CZE","AVWAGE","TOT","USD","A","2017",25372.0429634876,
"DNK","AVWAGE","TOT","USD","A","1990",37895.1020365459,
"DNK","AVWAGE","TOT","USD","A","1991",38071.6597661382,
"DNK","AVWAGE","TOT","USD","A","1992",39389.5852637245,
"DNK","AVWAGE","TOT","USD","A","1993",39816.8150123739,
"DNK","AVWAGE","TOT","USD","A","1994",38392.6283277383,
"DNK","AVWAGE","TOT","USD","A","1995",39195.2194198897,
"DNK","AVWAGE","TOT","USD","A","1996",39908.725758958,
"DNK","AVWAGE","TOT","USD","A","1997",40552.8437128869,
"DNK","AVWAGE","TOT","USD","A","1998",41267.5610253364,
"DNK","AVWAGE","TOT","USD","A","1999",41738.5423622963,
"DNK","AVWAGE","TOT","USD","A","2000",41712.7501129584,
"DNK","AVWAGE","TOT","USD","A","2001",41990.7089494861,
"DNK","AVWAGE","TOT","USD","A","2002",42958.6425469163,
"DNK","AVWAGE","TOT","USD","A","2003",44029.5816554954,
"DNK","AVWAGE","TOT","USD","A","2004",45012.4726375223,
"DNK","AVWAGE","TOT","USD","A","2005",45782.5404513345,
"DNK","AVWAGE","TOT","USD","A","2006",46555.5376745999,
"DNK","AVWAGE","TOT","USD","A","2007",47069.7082639716,
"DNK","AVWAGE","TOT","USD","A","2008",47703.4873536246,
"DNK","AVWAGE","TOT","USD","A","2009",48860.5944895636,
"DNK","AVWAGE","TOT","USD","A","2010",49423.6874985322,
"DNK","AVWAGE","TOT","USD","A","2011",49168.0357552126,
"DNK","AVWAGE","TOT","USD","A","2012",49094.2461278247,
"DNK","AVWAGE","TOT","USD","A","2013",49423.8023635253,
"DNK","AVWAGE","TOT","USD","A","2014",50368.6564234037,
"DNK","AVWAGE","TOT","USD","A","2015",51125.5502110602,
"DNK","AVWAGE","TOT","USD","A","2016",51826.0530970321,
"DNK","AVWAGE","TOT","USD","A","2017",51466.3004625045,
"FIN","AVWAGE","TOT","USD","A","1990",32373.175996592,
"FIN","AVWAGE","TOT","USD","A","1991",32705.5599571359,
"FIN","AVWAGE","TOT","USD","A","1992",32224.32675046,
"FIN","AVWAGE","TOT","USD","A","1993",31087.5839755533,
"FIN","AVWAGE","TOT","USD","A","1994",31540.0063999962,
"FIN","AVWAGE","TOT","USD","A","1995",32827.2505584196,
"FIN","AVWAGE","TOT","USD","A","1996",33712.5188157829,
"FIN","AVWAGE","TOT","USD","A","1997",33622.5976677946,
"FIN","AVWAGE","TOT","USD","A","1998",34721.585032011,
"FIN","AVWAGE","TOT","USD","A","1999",35588.45314141,
"FIN","AVWAGE","TOT","USD","A","2000",36308.0307142184,
"FIN","AVWAGE","TOT","USD","A","2001",36708.644816608,
"FIN","AVWAGE","TOT","USD","A","2002",36916.7970189809,
"FIN","AVWAGE","TOT","USD","A","2003",37627.8268560594,
"FIN","AVWAGE","TOT","USD","A","2004",38886.0353041778,
"FIN","AVWAGE","TOT","USD","A","2005",39781.8727505149,
"FIN","AVWAGE","TOT","USD","A","2006",40707.235285964,
"FIN","AVWAGE","TOT","USD","A","2007",41327.4698251827,
"FIN","AVWAGE","TOT","USD","A","2008",41727.8358134046,
"FIN","AVWAGE","TOT","USD","A","2009",42064.5303807016,
"FIN","AVWAGE","TOT","USD","A","2010",42725.4594772306,
"FIN","AVWAGE","TOT","USD","A","2011",42872.4433299362,
"FIN","AVWAGE","TOT","USD","A","2012",42902.0972120131,
"FIN","AVWAGE","TOT","USD","A","2013",42440.9475030898,
"FIN","AVWAGE","TOT","USD","A","2014",42425.0748590545,
"FIN","AVWAGE","TOT","USD","A","2015",42885.1913489131,
"FIN","AVWAGE","TOT","USD","A","2016",43138.9339313619,
"FIN","AVWAGE","TOT","USD","A","2017",42963.6679912954,
"FRA","AVWAGE","TOT","USD","A","1990",32665.7498202219,
"FRA","AVWAGE","TOT","USD","A","1991",33033.3502549824,
"FRA","AVWAGE","TOT","USD","A","1992",33388.1217566436,
"FRA","AVWAGE","TOT","USD","A","1993",33760.3233162221,
"FRA","AVWAGE","TOT","USD","A","1994",33889.1264851826,
"FRA","AVWAGE","TOT","USD","A","1995",34384.9477918663,
"FRA","AVWAGE","TOT","USD","A","1996",34480.1697395395,
"FRA","AVWAGE","TOT","USD","A","1997",34866.4354313916,
"FRA","AVWAGE","TOT","USD","A","1998",35391.7296717433,
"FRA","AVWAGE","TOT","USD","A","1999",36151.7973045916,
"FRA","AVWAGE","TOT","USD","A","2000",36340.7537874851,
"FRA","AVWAGE","TOT","USD","A","2001",36592.8930549598,
"FRA","AVWAGE","TOT","USD","A","2002",37583.0472348423,
"FRA","AVWAGE","TOT","USD","A","2003",37898.764722818,
"FRA","AVWAGE","TOT","USD","A","2004",38520.4802264545,
"FRA","AVWAGE","TOT","USD","A","2005",38983.4202963751,
"FRA","AVWAGE","TOT","USD","A","2006",39413.3653926398,
"FRA","AVWAGE","TOT","USD","A","2007",39578.0465849044,
"FRA","AVWAGE","TOT","USD","A","2008",39512.6354566787,
"FRA","AVWAGE","TOT","USD","A","2009",40732.42218869,
"FRA","AVWAGE","TOT","USD","A","2010",41547.5688687028,
"FRA","AVWAGE","TOT","USD","A","2011",41472.2662261191,
"FRA","AVWAGE","TOT","USD","A","2012",41759.2704649782,
"FRA","AVWAGE","TOT","USD","A","2013",41986.2679059577,
"FRA","AVWAGE","TOT","USD","A","2014",42402.9926200803,
"FRA","AVWAGE","TOT","USD","A","2015",42731.3134045579,
"FRA","AVWAGE","TOT","USD","A","2016",43220.6120851797,
"FRA","AVWAGE","TOT","USD","A","2017",43755.3289332253,
"DEU","AVWAGE","TOT","USD","A","1991",36879.3734183665,
"DEU","AVWAGE","TOT","USD","A","1992",39145.4283847391,
"DEU","AVWAGE","TOT","USD","A","1993",39504.3002589577,
"DEU","AVWAGE","TOT","USD","A","1994",39613.1709350697,
"DEU","AVWAGE","TOT","USD","A","1995",40502.4683472184,
"DEU","AVWAGE","TOT","USD","A","1996",40856.7220689474,
"DEU","AVWAGE","TOT","USD","A","1997",40632.0387377175,
"DEU","AVWAGE","TOT","USD","A","1998",41024.9054348613,
"DEU","AVWAGE","TOT","USD","A","1999",41672.8653523356,
"DEU","AVWAGE","TOT","USD","A","2000",41873.1356332864,
"DEU","AVWAGE","TOT","USD","A","2001",42291.1136605427,
"DEU","AVWAGE","TOT","USD","A","2002",42512.5541840991,
"DEU","AVWAGE","TOT","USD","A","2003",42456.956114176,
"DEU","AVWAGE","TOT","USD","A","2004",42454.4761290712,
"DEU","AVWAGE","TOT","USD","A","2005",42380.2125039828,
"DEU","AVWAGE","TOT","USD","A","2006",42414.8768405383,
"DEU","AVWAGE","TOT","USD","A","2007",42342.4629738926,
"DEU","AVWAGE","TOT","USD","A","2008",42610.3334343469,
"DEU","AVWAGE","TOT","USD","A","2009",42778.8008126555,
"DEU","AVWAGE","TOT","USD","A","2010",42970.23116168,
"DEU","AVWAGE","TOT","USD","A","2011",43702.902744104,
"DEU","AVWAGE","TOT","USD","A","2012",44202.3176699673,
"DEU","AVWAGE","TOT","USD","A","2013",44735.6172185794,
"DEU","AVWAGE","TOT","USD","A","2014",45421.1651352145,
"DEU","AVWAGE","TOT","USD","A","2015",46408.6095650197,
"DEU","AVWAGE","TOT","USD","A","2016",47096.5532041581,
"DEU","AVWAGE","TOT","USD","A","2017",47585.308781889,
"GRC","AVWAGE","TOT","USD","A","1995",23081.491210979,
"GRC","AVWAGE","TOT","USD","A","1996",23135.8232254624,
"GRC","AVWAGE","TOT","USD","A","1997",25413.1613195368,
"GRC","AVWAGE","TOT","USD","A","1998",25740.5136185524,
"GRC","AVWAGE","TOT","USD","A","1999",26527.2934102395,
"GRC","AVWAGE","TOT","USD","A","2000",27133.4060137818,
"GRC","AVWAGE","TOT","USD","A","2001",27682.0074358712,
"GRC","AVWAGE","TOT","USD","A","2002",30249.2318964402,
"GRC","AVWAGE","TOT","USD","A","2003",31565.253907418,
"GRC","AVWAGE","TOT","USD","A","2004",32132.3600845157,
"GRC","AVWAGE","TOT","USD","A","2005",32033.892641203,
"GRC","AVWAGE","TOT","USD","A","2006",32418.2684658021,
"GRC","AVWAGE","TOT","USD","A","2007",32411.0957818892,
"GRC","AVWAGE","TOT","USD","A","2008",31921.5455927327,
"GRC","AVWAGE","TOT","USD","A","2009",33422.5734063101,
"GRC","AVWAGE","TOT","USD","A","2010",31194.1293922601,
"GRC","AVWAGE","TOT","USD","A","2011",29148.9510870061,
"GRC","AVWAGE","TOT","USD","A","2012",27825.8144013693,
"GRC","AVWAGE","TOT","USD","A","2013",26025.5584626361,
"GRC","AVWAGE","TOT","USD","A","2014",26532.2522735054,
"GRC","AVWAGE","TOT","USD","A","2015",26335.9459089031,
"GRC","AVWAGE","TOT","USD","A","2016",26330.3677055652,
"GRC","AVWAGE","TOT","USD","A","2017",26064.2938448664,
"HUN","AVWAGE","TOT","USD","A","1995",14807.6482038085,
"HUN","AVWAGE","TOT","USD","A","1996",14820.0602447984,
"HUN","AVWAGE","TOT","USD","A","1997",15265.2255947095,
"HUN","AVWAGE","TOT","USD","A","1998",15425.5209603323,
"HUN","AVWAGE","TOT","USD","A","1999",15328.1022141179,
"HUN","AVWAGE","TOT","USD","A","2000",15874.3890994121,
"HUN","AVWAGE","TOT","USD","A","2001",17022.332500526,
"HUN","AVWAGE","TOT","USD","A","2002",17867.3872611195,
"HUN","AVWAGE","TOT","USD","A","2003",19537.2386609,
"HUN","AVWAGE","TOT","USD","A","2004",20727.4879087457,
"HUN","AVWAGE","TOT","USD","A","2005",21562.432036827,
"HUN","AVWAGE","TOT","USD","A","2006",21980.2214273346,
"HUN","AVWAGE","TOT","USD","A","2007",21652.0279977833,
"HUN","AVWAGE","TOT","USD","A","2008",21896.4589380472,
"HUN","AVWAGE","TOT","USD","A","2009",21072.891500391,
"HUN","AVWAGE","TOT","USD","A","2010",21322.7284579025,
"HUN","AVWAGE","TOT","USD","A","2011",21309.351556377,
"HUN","AVWAGE","TOT","USD","A","2012",20567.6492204489,
"HUN","AVWAGE","TOT","USD","A","2013",20613.2086921179,
"HUN","AVWAGE","TOT","USD","A","2014",20469.5760851907,
"HUN","AVWAGE","TOT","USD","A","2015",19928.8386696738,
"HUN","AVWAGE","TOT","USD","A","2016",20824.5134677243,
"HUN","AVWAGE","TOT","USD","A","2017",22575.9975023553,
"IRL","AVWAGE","TOT","USD","A","1990",27191.3341562744,
"IRL","AVWAGE","TOT","USD","A","1991",28314.853781085,
"IRL","AVWAGE","TOT","USD","A","1992",29523.4791193575,
"IRL","AVWAGE","TOT","USD","A","1993",30998.187815664,
"IRL","AVWAGE","TOT","USD","A","1994",31231.9007050339,
"IRL","AVWAGE","TOT","USD","A","1995",31941.8085650722,
"IRL","AVWAGE","TOT","USD","A","1996",32177.3789672861,
"IRL","AVWAGE","TOT","USD","A","1997",33941.997544104,
"IRL","AVWAGE","TOT","USD","A","1998",36201.7066462819,
"IRL","AVWAGE","TOT","USD","A","1999",37030.9951303714,
"IRL","AVWAGE","TOT","USD","A","2000",37986.0927669557,
"IRL","AVWAGE","TOT","USD","A","2001",39346.9484617257,
"IRL","AVWAGE","TOT","USD","A","2002",39705.1484282794,
"IRL","AVWAGE","TOT","USD","A","2003",41043.2510682301,
"IRL","AVWAGE","TOT","USD","A","2004",42572.2120349557,
"IRL","AVWAGE","TOT","USD","A","2005",44556.8258661317,
"IRL","AVWAGE","TOT","USD","A","2006",45340.4584487598,
"IRL","AVWAGE","TOT","USD","A","2007",46733.8117221902,
"IRL","AVWAGE","TOT","USD","A","2008",48170.5394590174,
"IRL","AVWAGE","TOT","USD","A","2009",52074.6972684978,
"IRL","AVWAGE","TOT","USD","A","2010",51859.8365671312,
"IRL","AVWAGE","TOT","USD","A","2011",47806.144004905,
"IRL","AVWAGE","TOT","USD","A","2012",46905.2563476864,
"IRL","AVWAGE","TOT","USD","A","2013",45734.9477767994,
"IRL","AVWAGE","TOT","USD","A","2014",45827.7304440118,
"IRL","AVWAGE","TOT","USD","A","2015",46560.6626300175,
"IRL","AVWAGE","TOT","USD","A","2016",46932.0986739545,
"IRL","AVWAGE","TOT","USD","A","2017",47652.9265017035,
"ITA","AVWAGE","TOT","USD","A","1990",35716.0200494302,
"ITA","AVWAGE","TOT","USD","A","1991",36044.0077611202,
"ITA","AVWAGE","TOT","USD","A","1992",36211.5280775659,
"ITA","AVWAGE","TOT","USD","A","1993",35649.6662399276,
"ITA","AVWAGE","TOT","USD","A","1994",35185.5454285129,
"ITA","AVWAGE","TOT","USD","A","1995",34546.7581103101,
"ITA","AVWAGE","TOT","USD","A","1996",34832.1018168751,
"ITA","AVWAGE","TOT","USD","A","1997",35660.5832880076,
"ITA","AVWAGE","TOT","USD","A","1998",35824.5563903837,
"ITA","AVWAGE","TOT","USD","A","1999",36161.4466965477,
"ITA","AVWAGE","TOT","USD","A","2000",36134.2400862034,
"ITA","AVWAGE","TOT","USD","A","2001",36313.2708378665,
"ITA","AVWAGE","TOT","USD","A","2002",36066.7066965488,
"ITA","AVWAGE","TOT","USD","A","2003",36029.1190583206,
"ITA","AVWAGE","TOT","USD","A","2004",36765.0691576164,
"ITA","AVWAGE","TOT","USD","A","2005",37181.378615398,
"ITA","AVWAGE","TOT","USD","A","2006",37437.9017186814,
"ITA","AVWAGE","TOT","USD","A","2007",37401.1548737476,
"ITA","AVWAGE","TOT","USD","A","2008",37441.8922220358,
"ITA","AVWAGE","TOT","USD","A","2009",37626.935996649,
"ITA","AVWAGE","TOT","USD","A","2010",37987.2444249516,
"ITA","AVWAGE","TOT","USD","A","2011",37394.3300794491,
"ITA","AVWAGE","TOT","USD","A","2012",36267.4729791703,
"ITA","AVWAGE","TOT","USD","A","2013",36323.7204404409,
"ITA","AVWAGE","TOT","USD","A","2014",36460.5778281836,
"ITA","AVWAGE","TOT","USD","A","2015",36769.6675766841,
"ITA","AVWAGE","TOT","USD","A","2016",37032.9728706123,
"ITA","AVWAGE","TOT","USD","A","2017",36658.3960819554,
"JPN","AVWAGE","TOT","USD","A","1990",39221.9588882959,
"JPN","AVWAGE","TOT","USD","A","1991",39742.8182049766,
"JPN","AVWAGE","TOT","USD","A","1992",39864.4945328507,
"JPN","AVWAGE","TOT","USD","A","1993",39486.5023078533,
"JPN","AVWAGE","TOT","USD","A","1994",39887.072877703,
"JPN","AVWAGE","TOT","USD","A","1995",40361.3335097769,
"JPN","AVWAGE","TOT","USD","A","1996",40563.0114416769,
"JPN","AVWAGE","TOT","USD","A","1997",40923.9366282569,
"JPN","AVWAGE","TOT","USD","A","1998",40805.4575972319,
"JPN","AVWAGE","TOT","USD","A","1999",40755.902456585,
"JPN","AVWAGE","TOT","USD","A","2000",40985.5117922085,
"JPN","AVWAGE","TOT","USD","A","2001",40472.3303999073,
"JPN","AVWAGE","TOT","USD","A","2002",39651.4512550947,
"JPN","AVWAGE","TOT","USD","A","2003",39688.107269804,
"JPN","AVWAGE","TOT","USD","A","2004",39995.0838504658,
"JPN","AVWAGE","TOT","USD","A","2005",40687.2487080999,
"JPN","AVWAGE","TOT","USD","A","2006",40443.9892805806,
"JPN","AVWAGE","TOT","USD","A","2007",40382.7925863268,
"JPN","AVWAGE","TOT","USD","A","2008",40357.855973648,
"JPN","AVWAGE","TOT","USD","A","2009",39972.6409664122,
"JPN","AVWAGE","TOT","USD","A","2010",40667.1339385241,
"JPN","AVWAGE","TOT","USD","A","2011",41566.5425213684,
"JPN","AVWAGE","TOT","USD","A","2012",40838.6382454799,
"JPN","AVWAGE","TOT","USD","A","2013",40791.1386735365,
"JPN","AVWAGE","TOT","USD","A","2014",40049.2541078984,
"JPN","AVWAGE","TOT","USD","A","2015",40003.970864264,
"JPN","AVWAGE","TOT","USD","A","2016",40680.8948183122,
"JPN","AVWAGE","TOT","USD","A","2017",40862.605531952,
"KOR","AVWAGE","TOT","USD","A","1990",20586.3563945856,
"KOR","AVWAGE","TOT","USD","A","1991",21446.795668039,
"KOR","AVWAGE","TOT","USD","A","1992",22296.5885623447,
"KOR","AVWAGE","TOT","USD","A","1993",23530.8690732866,
"KOR","AVWAGE","TOT","USD","A","1994",23942.7538853076,
"KOR","AVWAGE","TOT","USD","A","1995",26251.6644843349,
"KOR","AVWAGE","TOT","USD","A","1996",27463.3699328304,
"KOR","AVWAGE","TOT","USD","A","1997",26880.8835148241,
"KOR","AVWAGE","TOT","USD","A","1998",26531.4108515348,
"KOR","AVWAGE","TOT","USD","A","1999",26659.356228407,
"KOR","AVWAGE","TOT","USD","A","2000",27039.1125926797,
"KOR","AVWAGE","TOT","USD","A","2001",27583.6633746942,
"KOR","AVWAGE","TOT","USD","A","2002",28544.1893469974,
"KOR","AVWAGE","TOT","USD","A","2003",29558.8872231694,
"KOR","AVWAGE","TOT","USD","A","2004",30409.7309233246,
"KOR","AVWAGE","TOT","USD","A","2005",31284.8456790832,
"KOR","AVWAGE","TOT","USD","A","2006",31601.2783146127,
"KOR","AVWAGE","TOT","USD","A","2007",32154.2212069506,
"KOR","AVWAGE","TOT","USD","A","2008",31865.1560622347,
"KOR","AVWAGE","TOT","USD","A","2009",31948.4611255016,
"KOR","AVWAGE","TOT","USD","A","2010",32500.5325251715,
"KOR","AVWAGE","TOT","USD","A","2011",32815.7826975163,
"KOR","AVWAGE","TOT","USD","A","2012",32415.5690843184,
"KOR","AVWAGE","TOT","USD","A","2013",33033.4809142828,
"KOR","AVWAGE","TOT","USD","A","2014",32840.3735871515,
"KOR","AVWAGE","TOT","USD","A","2015",33424.2830883015,
"KOR","AVWAGE","TOT","USD","A","2016",34554.8240369594,
"KOR","AVWAGE","TOT","USD","A","2017",35191.0989982666,
"LUX","AVWAGE","TOT","USD","A","1990",44557.6096597117,
"LUX","AVWAGE","TOT","USD","A","1991",45964.9499869409,
"LUX","AVWAGE","TOT","USD","A","1992",46874.7041181788,
"LUX","AVWAGE","TOT","USD","A","1993",48050.8231074469,
"LUX","AVWAGE","TOT","USD","A","1994",48778.3302540287,
"LUX","AVWAGE","TOT","USD","A","1995",48587.4510011729,
"LUX","AVWAGE","TOT","USD","A","1996",49447.2025734335,
"LUX","AVWAGE","TOT","USD","A","1997",49961.5382412364,
"LUX","AVWAGE","TOT","USD","A","1998",50491.1718700921,
"LUX","AVWAGE","TOT","USD","A","1999",51642.9636801139,
"LUX","AVWAGE","TOT","USD","A","2000",53337.1470853372,
"LUX","AVWAGE","TOT","USD","A","2001",53878.3726316782,
"LUX","AVWAGE","TOT","USD","A","2002",54940.6893212123,
"LUX","AVWAGE","TOT","USD","A","2003",54590.8992023461,
"LUX","AVWAGE","TOT","USD","A","2004",55827.1125294411,
"LUX","AVWAGE","TOT","USD","A","2005",55564.2548573321,
"LUX","AVWAGE","TOT","USD","A","2006",56294.0336903974,
"LUX","AVWAGE","TOT","USD","A","2007",57770.9499289512,
"LUX","AVWAGE","TOT","USD","A","2008",57659.5771882232,
"LUX","AVWAGE","TOT","USD","A","2009",59255.4192305699,
"LUX","AVWAGE","TOT","USD","A","2010",59860.1299842472,
"LUX","AVWAGE","TOT","USD","A","2011",58816.5292313778,
"LUX","AVWAGE","TOT","USD","A","2012",58486.3537878323,
"LUX","AVWAGE","TOT","USD","A","2013",58813.1948445968,
"LUX","AVWAGE","TOT","USD","A","2014",59928.2629419462,
"LUX","AVWAGE","TOT","USD","A","2015",61975.0971464396,
"LUX","AVWAGE","TOT","USD","A","2016",62090.9002076502,
"LUX","AVWAGE","TOT","USD","A","2017",63062.2057815491,
"MEX","AVWAGE","TOT","USD","A","1990",13497.9672648691,
"MEX","AVWAGE","TOT","USD","A","1991",14211.455338989,
"MEX","AVWAGE","TOT","USD","A","1992",14984.8021645919,
"MEX","AVWAGE","TOT","USD","A","1993",15592.8709000439,
"MEX","AVWAGE","TOT","USD","A","1994",15988.0318691107,
"MEX","AVWAGE","TOT","USD","A","1995",13185.2448314403,
"MEX","AVWAGE","TOT","USD","A","1996",12419.0183217988,
"MEX","AVWAGE","TOT","USD","A","1997",13021.3339711388,
"MEX","AVWAGE","TOT","USD","A","1998",13741.2518647588,
"MEX","AVWAGE","TOT","USD","A","1999",14299.2132947956,
"MEX","AVWAGE","TOT","USD","A","2000",15055.6338948623,
"MEX","AVWAGE","TOT","USD","A","2001",15916.1482017359,
"MEX","AVWAGE","TOT","USD","A","2002",15855.223160785,
"MEX","AVWAGE","TOT","USD","A","2003",16131.2292562694,
"MEX","AVWAGE","TOT","USD","A","2004",16223.8654597025,
"MEX","AVWAGE","TOT","USD","A","2005",16325.3243859383,
"MEX","AVWAGE","TOT","USD","A","2006",16299.9792262757,
"MEX","AVWAGE","TOT","USD","A","2007",16362.2061125252,
"MEX","AVWAGE","TOT","USD","A","2008",16233.7769198702,
"MEX","AVWAGE","TOT","USD","A","2009",16348.4197027678,
"MEX","AVWAGE","TOT","USD","A","2010",15320.6741278887,
"MEX","AVWAGE","TOT","USD","A","2011",15458.1575661828,
"MEX","AVWAGE","TOT","USD","A","2012",15193.4727530094,
"MEX","AVWAGE","TOT","USD","A","2013",15195.8153117188,
"MEX","AVWAGE","TOT","USD","A","2014",15172.0055396083,
"MEX","AVWAGE","TOT","USD","A","2015",15480.8207313183,
"MEX","AVWAGE","TOT","USD","A","2016",15406.7507193331,
"MEX","AVWAGE","TOT","USD","A","2017",15313.9399579411,
"NLD","AVWAGE","TOT","USD","A","1990",46463.9281326019,
"NLD","AVWAGE","TOT","USD","A","1991",46813.501874667,
"NLD","AVWAGE","TOT","USD","A","1992",47054.0844946302,
"NLD","AVWAGE","TOT","USD","A","1993",47859.2235720814,
"NLD","AVWAGE","TOT","USD","A","1994",48202.3653296377,
"NLD","AVWAGE","TOT","USD","A","1995",47258.7717160036,
"NLD","AVWAGE","TOT","USD","A","1996",46966.5363818784,
"NLD","AVWAGE","TOT","USD","A","1997",47057.0972851992,
"NLD","AVWAGE","TOT","USD","A","1998",45528.6349906069,
"NLD","AVWAGE","TOT","USD","A","1999",46515.7917849736,
"NLD","AVWAGE","TOT","USD","A","2000",47595.6865117716,
"NLD","AVWAGE","TOT","USD","A","2001",48232.2595864321,
"NLD","AVWAGE","TOT","USD","A","2002",48535.1483875223,
"NLD","AVWAGE","TOT","USD","A","2003",49059.9083047192,
"NLD","AVWAGE","TOT","USD","A","2004",49775.5356260198,
"NLD","AVWAGE","TOT","USD","A","2005",49939.2727342628,
"NLD","AVWAGE","TOT","USD","A","2006",49898.8072663781,
"NLD","AVWAGE","TOT","USD","A","2007",50457.3861687148,
"NLD","AVWAGE","TOT","USD","A","2008",50757.3203349229,
"NLD","AVWAGE","TOT","USD","A","2009",52734.3788724019,
"NLD","AVWAGE","TOT","USD","A","2010",53022.9980981485,
"NLD","AVWAGE","TOT","USD","A","2011",52667.6166743346,
"NLD","AVWAGE","TOT","USD","A","2012",52781.2218865497,
"NLD","AVWAGE","TOT","USD","A","2013",52807.5245027614,
"NLD","AVWAGE","TOT","USD","A","2014",52601.862745467,
"NLD","AVWAGE","TOT","USD","A","2015",53170.9604153299,
"NLD","AVWAGE","TOT","USD","A","2016",53294.8852909138,
"NLD","AVWAGE","TOT","USD","A","2017",52876.5052161169,
"NOR","AVWAGE","TOT","USD","A","1990",30303.4367640204,
"NOR","AVWAGE","TOT","USD","A","1991",30638.9799592986,
"NOR","AVWAGE","TOT","USD","A","1992",31030.5159020811,
"NOR","AVWAGE","TOT","USD","A","1993",31326.5593232749,
"NOR","AVWAGE","TOT","USD","A","1994",31965.1218466861,
"NOR","AVWAGE","TOT","USD","A","1995",32263.6493558063,
"NOR","AVWAGE","TOT","USD","A","1996",32971.1069960171,
"NOR","AVWAGE","TOT","USD","A","1997",33690.8894362849,
"NOR","AVWAGE","TOT","USD","A","1998",34922.1238877392,
"NOR","AVWAGE","TOT","USD","A","1999",36057.2491450481,
"NOR","AVWAGE","TOT","USD","A","2000",36378.4951153208,
"NOR","AVWAGE","TOT","USD","A","2001",37305.0584949127,
"NOR","AVWAGE","TOT","USD","A","2002",38783.1835889096,
"NOR","AVWAGE","TOT","USD","A","2003",39260.2312085048,
"NOR","AVWAGE","TOT","USD","A","2004",40531.2208944388,
"NOR","AVWAGE","TOT","USD","A","2005",41679.4890213587,
"NOR","AVWAGE","TOT","USD","A","2006",43315.2804726776,
"NOR","AVWAGE","TOT","USD","A","2007",45166.4962927301,
"NOR","AVWAGE","TOT","USD","A","2008",46198.278361082,
"NOR","AVWAGE","TOT","USD","A","2009",46682.8738768792,
"NOR","AVWAGE","TOT","USD","A","2010",47309.6356983838,
"NOR","AVWAGE","TOT","USD","A","2011",48897.1443937599,
"NOR","AVWAGE","TOT","USD","A","2012",50226.6543932748,
"NOR","AVWAGE","TOT","USD","A","2013",51235.8426026097,
"NOR","AVWAGE","TOT","USD","A","2014",51414.7292185944,
"NOR","AVWAGE","TOT","USD","A","2015",51662.6681639317,
"NOR","AVWAGE","TOT","USD","A","2016",50824.869699419,
"NOR","AVWAGE","TOT","USD","A","2017",51212.2142242616,
"POL","AVWAGE","TOT","USD","A","1995",15807.2487138475,
"POL","AVWAGE","TOT","USD","A","1996",17049.6936579906,
"POL","AVWAGE","TOT","USD","A","1997",17933.6334352164,
"POL","AVWAGE","TOT","USD","A","1998",18462.0145766306,
"POL","AVWAGE","TOT","USD","A","1999",20056.1491644252,
"POL","AVWAGE","TOT","USD","A","2000",20147.8625348615,
"POL","AVWAGE","TOT","USD","A","2001",21299.1871928095,
"POL","AVWAGE","TOT","USD","A","2002",21242.3771166165,
"POL","AVWAGE","TOT","USD","A","2003",21503.059035182,
"POL","AVWAGE","TOT","USD","A","2004",20874.2975558407,
"POL","AVWAGE","TOT","USD","A","2005",20794.3468125372,
"POL","AVWAGE","TOT","USD","A","2006",20957.6426329847,
"POL","AVWAGE","TOT","USD","A","2007",21478.3917876024,
"POL","AVWAGE","TOT","USD","A","2008",22713.4762457927,
"POL","AVWAGE","TOT","USD","A","2009",22671.3399301802,
"POL","AVWAGE","TOT","USD","A","2010",23608.3123668669,
"POL","AVWAGE","TOT","USD","A","2011",23610.1908707761,
"POL","AVWAGE","TOT","USD","A","2012",23401.8733028706,
"POL","AVWAGE","TOT","USD","A","2013",23668.8068490314,
"POL","AVWAGE","TOT","USD","A","2014",24150.7821003733,
"POL","AVWAGE","TOT","USD","A","2015",24680.0727838435,
"POL","AVWAGE","TOT","USD","A","2016",25878.9078035933,
"POL","AVWAGE","TOT","USD","A","2017",27046.0965519544,
"PRT","AVWAGE","TOT","USD","A","1995",23357.386707181,
"PRT","AVWAGE","TOT","USD","A","1996",24219.345339389,
"PRT","AVWAGE","TOT","USD","A","1997",24851.5772083878,
"PRT","AVWAGE","TOT","USD","A","1998",25166.107427274,
"PRT","AVWAGE","TOT","USD","A","1999",26020.8231151439,
"PRT","AVWAGE","TOT","USD","A","2000",26382.6818072278,
"PRT","AVWAGE","TOT","USD","A","2001",26498.2398515119,
"PRT","AVWAGE","TOT","USD","A","2002",26485.4405534098,
"PRT","AVWAGE","TOT","USD","A","2003",26416.3273275236,
"PRT","AVWAGE","TOT","USD","A","2004",26461.8904452759,
"PRT","AVWAGE","TOT","USD","A","2005",26309.5010320797,
"PRT","AVWAGE","TOT","USD","A","2006",25740.0227038482,
"PRT","AVWAGE","TOT","USD","A","2007",25921.4741746659,
"PRT","AVWAGE","TOT","USD","A","2008",25837.2573928631,
"PRT","AVWAGE","TOT","USD","A","2009",27030.7771469246,
"PRT","AVWAGE","TOT","USD","A","2010",26927.4326676759,
"PRT","AVWAGE","TOT","USD","A","2011",26287.2650544373,
"PRT","AVWAGE","TOT","USD","A","2012",25151.4025188665,
"PRT","AVWAGE","TOT","USD","A","2013",25668.1580696662,
"PRT","AVWAGE","TOT","USD","A","2014",25216.9176245415,
"PRT","AVWAGE","TOT","USD","A","2015",25164.4538074836,
"PRT","AVWAGE","TOT","USD","A","2016",25362.3486242956,
"PRT","AVWAGE","TOT","USD","A","2017",25366.5016777539,
"SVK","AVWAGE","TOT","USD","A","1994",11324.247092863,
"SVK","AVWAGE","TOT","USD","A","1995",12195.0521875602,
"SVK","AVWAGE","TOT","USD","A","1996",13219.1750049494,
"SVK","AVWAGE","TOT","USD","A","1997",15019.9486078241,
"SVK","AVWAGE","TOT","USD","A","1998",15629.4184989204,
"SVK","AVWAGE","TOT","USD","A","1999",15300.2875613941,
"SVK","AVWAGE","TOT","USD","A","2000",15860.9430942746,
"SVK","AVWAGE","TOT","USD","A","2001",15849.7506797,
"SVK","AVWAGE","TOT","USD","A","2002",16682.7188341025,
"SVK","AVWAGE","TOT","USD","A","2003",17046.3233803955,
"SVK","AVWAGE","TOT","USD","A","2004",17326.5170228168,
"SVK","AVWAGE","TOT","USD","A","2005",18451.3491513449,
"SVK","AVWAGE","TOT","USD","A","2006",19062.750121782,
"SVK","AVWAGE","TOT","USD","A","2007",20234.8556847824,
"SVK","AVWAGE","TOT","USD","A","2008",20435.9911417666,
"SVK","AVWAGE","TOT","USD","A","2009",21124.6371093895,
"SVK","AVWAGE","TOT","USD","A","2010",22055.1138478167,
"SVK","AVWAGE","TOT","USD","A","2011",21859.1682180707,
"SVK","AVWAGE","TOT","USD","A","2012",21618.1639308971,
"SVK","AVWAGE","TOT","USD","A","2013",21781.5919924479,
"SVK","AVWAGE","TOT","USD","A","2014",22204.1224095907,
"SVK","AVWAGE","TOT","USD","A","2015",23025.8893546157,
"SVK","AVWAGE","TOT","USD","A","2016",23800.8915746605,
"SVK","AVWAGE","TOT","USD","A","2017",24327.9817571446,
"ESP","AVWAGE","TOT","USD","A","1990",34387.967732063,
"ESP","AVWAGE","TOT","USD","A","1991",35237.7782264296,
"ESP","AVWAGE","TOT","USD","A","1992",36231.2560891,
"ESP","AVWAGE","TOT","USD","A","1993",36516.2178114127,
"ESP","AVWAGE","TOT","USD","A","1994",36611.7757987103,
"ESP","AVWAGE","TOT","USD","A","1995",36454.2541763491,
"ESP","AVWAGE","TOT","USD","A","1996",36986.1077496787,
"ESP","AVWAGE","TOT","USD","A","1997",37010.2433287786,
"ESP","AVWAGE","TOT","USD","A","1998",37077.4193502244,
"ESP","AVWAGE","TOT","USD","A","1999",36944.773986993,
"ESP","AVWAGE","TOT","USD","A","2000",36327.474198719,
"ESP","AVWAGE","TOT","USD","A","2001",36319.6843094585,
"ESP","AVWAGE","TOT","USD","A","2002",36587.8584177117,
"ESP","AVWAGE","TOT","USD","A","2003",36489.1663775057,
"ESP","AVWAGE","TOT","USD","A","2004",36112.4325430631,
"ESP","AVWAGE","TOT","USD","A","2005",36322.3907570678,
"ESP","AVWAGE","TOT","USD","A","2006",36184.8195886938,
"ESP","AVWAGE","TOT","USD","A","2007",36658.7314885221,
"ESP","AVWAGE","TOT","USD","A","2008",38133.8682520624,
"ESP","AVWAGE","TOT","USD","A","2009",40716.8754243301,
"ESP","AVWAGE","TOT","USD","A","2010",40018.0521033902,
"ESP","AVWAGE","TOT","USD","A","2011",39450.9332208976,
"ESP","AVWAGE","TOT","USD","A","2012",38328.2306393488,
"ESP","AVWAGE","TOT","USD","A","2013",38415.6997772412,
"ESP","AVWAGE","TOT","USD","A","2014",38422.0115045553,
"ESP","AVWAGE","TOT","USD","A","2015",39338.9353619615,
"ESP","AVWAGE","TOT","USD","A","2016",39196.0989726629,
"ESP","AVWAGE","TOT","USD","A","2017",38507.4944144873,
"SWE","AVWAGE","TOT","USD","A","1990",28150.0898115224,
"SWE","AVWAGE","TOT","USD","A","1991",26790.2436263977,
"SWE","AVWAGE","TOT","USD","A","1992",27627.1736748472,
"SWE","AVWAGE","TOT","USD","A","1993",27299.5496018369,
"SWE","AVWAGE","TOT","USD","A","1994",27974.3399137069,
"SWE","AVWAGE","TOT","USD","A","1995",28025.8027563742,
"SWE","AVWAGE","TOT","USD","A","1996",29462.1062707744,
"SWE","AVWAGE","TOT","USD","A","1997",30502.6783916694,
"SWE","AVWAGE","TOT","USD","A","1998",31342.0036432484,
"SWE","AVWAGE","TOT","USD","A","1999",32152.0147036384,
"SWE","AVWAGE","TOT","USD","A","2000",32983.9932294897,
"SWE","AVWAGE","TOT","USD","A","2001",33167.4158821938,
"SWE","AVWAGE","TOT","USD","A","2002",33441.1005552438,
"SWE","AVWAGE","TOT","USD","A","2003",33855.7729169988,
"SWE","AVWAGE","TOT","USD","A","2004",34887.1925126655,
"SWE","AVWAGE","TOT","USD","A","2005",35567.6607114226,
"SWE","AVWAGE","TOT","USD","A","2006",36425.8141045282,
"SWE","AVWAGE","TOT","USD","A","2007",37600.92179894,
"SWE","AVWAGE","TOT","USD","A","2008",38121.9709734893,
"SWE","AVWAGE","TOT","USD","A","2009",38371.535363473,
"SWE","AVWAGE","TOT","USD","A","2010",38600.5854391631,
"SWE","AVWAGE","TOT","USD","A","2011",39085.1372344394,
"SWE","AVWAGE","TOT","USD","A","2012",39948.5824335321,
"SWE","AVWAGE","TOT","USD","A","2013",40366.1406882961,
"SWE","AVWAGE","TOT","USD","A","2014",40777.796931324,
"SWE","AVWAGE","TOT","USD","A","2015",41467.0510335515,
"SWE","AVWAGE","TOT","USD","A","2016",42154.4897851354,
"SWE","AVWAGE","TOT","USD","A","2017",42392.7553925393,
"CHE","AVWAGE","TOT","USD","A","1990",49394.2176370077,
"CHE","AVWAGE","TOT","USD","A","1991",50268.8192009114,
"CHE","AVWAGE","TOT","USD","A","1992",50720.797852745,
"CHE","AVWAGE","TOT","USD","A","1993",51236.5664460053,
"CHE","AVWAGE","TOT","USD","A","1994",51883.4528352605,
"CHE","AVWAGE","TOT","USD","A","1995",52029.2647431191,
"CHE","AVWAGE","TOT","USD","A","1996",52485.5470700811,
"CHE","AVWAGE","TOT","USD","A","1997",53221.8119982789,
"CHE","AVWAGE","TOT","USD","A","1998",53268.1391776894,
"CHE","AVWAGE","TOT","USD","A","1999",54089.0225903721,
"CHE","AVWAGE","TOT","USD","A","2000",54405.284063209,
"CHE","AVWAGE","TOT","USD","A","2001",56435.1702671939,
"CHE","AVWAGE","TOT","USD","A","2002",57314.6101143051,
"CHE","AVWAGE","TOT","USD","A","2003",57167.661706471,
"CHE","AVWAGE","TOT","USD","A","2004",56674.8508489926,
"CHE","AVWAGE","TOT","USD","A","2005",57534.5998691438,
"CHE","AVWAGE","TOT","USD","A","2006",57889.0932933356,
"CHE","AVWAGE","TOT","USD","A","2007",58745.6819282574,
"CHE","AVWAGE","TOT","USD","A","2008",59056.5523566867,
"CHE","AVWAGE","TOT","USD","A","2009",60255.1031163132,
"CHE","AVWAGE","TOT","USD","A","2010",60400.2035023445,
"CHE","AVWAGE","TOT","USD","A","2011",60502.5122840157,
"CHE","AVWAGE","TOT","USD","A","2012",61567.3673906285,
"CHE","AVWAGE","TOT","USD","A","2013",62516.0528153685,
"CHE","AVWAGE","TOT","USD","A","2014",62616.2171513568,
"CHE","AVWAGE","TOT","USD","A","2015",62495.2828450202,
"CHE","AVWAGE","TOT","USD","A","2016",62369.7478854347,
"CHE","AVWAGE","TOT","USD","A","2017",62282.5688602117,
"GBR","AVWAGE","TOT","USD","A","1990",30750.3494837456,
"GBR","AVWAGE","TOT","USD","A","1991",30736.3468061971,
"GBR","AVWAGE","TOT","USD","A","1992",31352.3252528894,
"GBR","AVWAGE","TOT","USD","A","1993",31870.6398430204,
"GBR","AVWAGE","TOT","USD","A","1994",32452.809002591,
"GBR","AVWAGE","TOT","USD","A","1995",32492.3553037273,
"GBR","AVWAGE","TOT","USD","A","1996",32496.0191072832,
"GBR","AVWAGE","TOT","USD","A","1997",33477.8787911459,
"GBR","AVWAGE","TOT","USD","A","1998",35071.6470295453,
"GBR","AVWAGE","TOT","USD","A","1999",36404.6010286038,
"GBR","AVWAGE","TOT","USD","A","2000",38110.3578014889,
"GBR","AVWAGE","TOT","USD","A","2001",40036.0948698333,
"GBR","AVWAGE","TOT","USD","A","2002",40690.3540371997,
"GBR","AVWAGE","TOT","USD","A","2003",41771.1705897227,
"GBR","AVWAGE","TOT","USD","A","2004",42751.4963705009,
"GBR","AVWAGE","TOT","USD","A","2005",42630.4673885108,
"GBR","AVWAGE","TOT","USD","A","2006",43627.4311733532,
"GBR","AVWAGE","TOT","USD","A","2007",44897.2303133629,
"GBR","AVWAGE","TOT","USD","A","2008",43724.120889231,
"GBR","AVWAGE","TOT","USD","A","2009",44464.9501967215,
"GBR","AVWAGE","TOT","USD","A","2010",44520.5286411349,
"GBR","AVWAGE","TOT","USD","A","2011",43369.939455965,
"GBR","AVWAGE","TOT","USD","A","2012",43105.0849175443,
"GBR","AVWAGE","TOT","USD","A","2013",43153.9886368667,
"GBR","AVWAGE","TOT","USD","A","2014",42781.9138848303,
"GBR","AVWAGE","TOT","USD","A","2015",43152.1720562389,
"GBR","AVWAGE","TOT","USD","A","2016",43712.6196635994,
"GBR","AVWAGE","TOT","USD","A","2017",43731.542692694,
"USA","AVWAGE","TOT","USD","A","1990",44721.3530511168,
"USA","AVWAGE","TOT","USD","A","1991",45052.2633678448,
"USA","AVWAGE","TOT","USD","A","1992",46106.1792760464,
"USA","AVWAGE","TOT","USD","A","1993",45838.8862599047,
"USA","AVWAGE","TOT","USD","A","1994",45665.4824100438,
"USA","AVWAGE","TOT","USD","A","1995",45944.6805595796,
"USA","AVWAGE","TOT","USD","A","1996",46615.742654448,
"USA","AVWAGE","TOT","USD","A","1997",47779.1332298234,
"USA","AVWAGE","TOT","USD","A","1998",49759.3727011321,
"USA","AVWAGE","TOT","USD","A","1999",51072.7096198922,
"USA","AVWAGE","TOT","USD","A","2000",52801.1819313005,
"USA","AVWAGE","TOT","USD","A","2001",53243.9837062547,
"USA","AVWAGE","TOT","USD","A","2002",53652.4155429885,
"USA","AVWAGE","TOT","USD","A","2003",54279.6347595294,
"USA","AVWAGE","TOT","USD","A","2004",55334.6640364282,
"USA","AVWAGE","TOT","USD","A","2005",55391.0422213796,
"USA","AVWAGE","TOT","USD","A","2006",56297.9457670566,
"USA","AVWAGE","TOT","USD","A","2007",57419.626638872,
"USA","AVWAGE","TOT","USD","A","2008",57192.3202321698,
"USA","AVWAGE","TOT","USD","A","2009",57687.315415598,
"USA","AVWAGE","TOT","USD","A","2010",58054.3811687826,
"USA","AVWAGE","TOT","USD","A","2011",58200.1413360588,
"USA","AVWAGE","TOT","USD","A","2012",58669.213014264,
"USA","AVWAGE","TOT","USD","A","2013",58411.6324256051,
"USA","AVWAGE","TOT","USD","A","2014",59249.9229499367,
"USA","AVWAGE","TOT","USD","A","2015",60691.6617126804,
"USA","AVWAGE","TOT","USD","A","2016",60685.8079109297,
"USA","AVWAGE","TOT","USD","A","2017",60558.3581202393,
"EST","AVWAGE","TOT","USD","A","1995",9098.74095446408,
"EST","AVWAGE","TOT","USD","A","1996",9457.49367781407,
"EST","AVWAGE","TOT","USD","A","1997",10346.0293279511,
"EST","AVWAGE","TOT","USD","A","1998",10968.2957850401,
"EST","AVWAGE","TOT","USD","A","1999",11388.5520996683,
"EST","AVWAGE","TOT","USD","A","2000",12247.7773889792,
"EST","AVWAGE","TOT","USD","A","2001",12727.4447426487,
"EST","AVWAGE","TOT","USD","A","2002",13499.735464309,
"EST","AVWAGE","TOT","USD","A","2003",14719.4814369256,
"EST","AVWAGE","TOT","USD","A","2004",15820.0538824489,
"EST","AVWAGE","TOT","USD","A","2005",16771.1021151021,
"EST","AVWAGE","TOT","USD","A","2006",18191.2590458325,
"EST","AVWAGE","TOT","USD","A","2007",21124.6968595723,
"EST","AVWAGE","TOT","USD","A","2008",21396.4194937383,
"EST","AVWAGE","TOT","USD","A","2009",20673.085769525,
"EST","AVWAGE","TOT","USD","A","2010",20561.4025969941,
"EST","AVWAGE","TOT","USD","A","2011",19714.8326896726,
"EST","AVWAGE","TOT","USD","A","2012",20531.8185148096,
"EST","AVWAGE","TOT","USD","A","2013",20823.7751549607,
"EST","AVWAGE","TOT","USD","A","2014",21970.6710567653,
"EST","AVWAGE","TOT","USD","A","2015",22839.678852084,
"EST","AVWAGE","TOT","USD","A","2016",23935.4331284194,
"EST","AVWAGE","TOT","USD","A","2017",24335.9751038841,
"ISR","AVWAGE","TOT","USD","A","1995",27373.2588138105,
"ISR","AVWAGE","TOT","USD","A","1996",29744.1631378183,
"ISR","AVWAGE","TOT","USD","A","1997",30587.0487813077,
"ISR","AVWAGE","TOT","USD","A","1998",31793.2500119818,
"ISR","AVWAGE","TOT","USD","A","1999",32300.3055203035,
"ISR","AVWAGE","TOT","USD","A","2000",33486.9443803233,
"ISR","AVWAGE","TOT","USD","A","2001",34032.7327912719,
"ISR","AVWAGE","TOT","USD","A","2002",32704.2940875683,
"ISR","AVWAGE","TOT","USD","A","2003",31572.3020423173,
"ISR","AVWAGE","TOT","USD","A","2004",31100.4026820504,
"ISR","AVWAGE","TOT","USD","A","2005",31161.5651868204,
"ISR","AVWAGE","TOT","USD","A","2006",32160.6205486247,
"ISR","AVWAGE","TOT","USD","A","2007",32779.3817189706,
"ISR","AVWAGE","TOT","USD","A","2008",31992.5113019619,
"ISR","AVWAGE","TOT","USD","A","2009",31276.7550557469,
"ISR","AVWAGE","TOT","USD","A","2010",31016.6583313665,
"ISR","AVWAGE","TOT","USD","A","2011",31264.2844625226,
"ISR","AVWAGE","TOT","USD","A","2012",31747.7512725387,
"ISR","AVWAGE","TOT","USD","A","2013",32022.2226642085,
"ISR","AVWAGE","TOT","USD","A","2014",32015.8632182023,
"ISR","AVWAGE","TOT","USD","A","2015",33018.9879986887,
"ISR","AVWAGE","TOT","USD","A","2016",34071.6082115378,
"ISR","AVWAGE","TOT","USD","A","2017",35067.4493018789,
"SVN","AVWAGE","TOT","USD","A","1995",22481.1388050514,
"SVN","AVWAGE","TOT","USD","A","1996",23647.9966609096,
"SVN","AVWAGE","TOT","USD","A","1997",24930.2825709212,
"SVN","AVWAGE","TOT","USD","A","1998",25257.8174158224,
"SVN","AVWAGE","TOT","USD","A","1999",25726.7118567803,
"SVN","AVWAGE","TOT","USD","A","2000",26448.466236896,
"SVN","AVWAGE","TOT","USD","A","2001",27513.2132372695,
"SVN","AVWAGE","TOT","USD","A","2002",27595.6070870453,
"SVN","AVWAGE","TOT","USD","A","2003",28175.5468978229,
"SVN","AVWAGE","TOT","USD","A","2004",29571.7837338513,
"SVN","AVWAGE","TOT","USD","A","2005",30688.7464394495,
"SVN","AVWAGE","TOT","USD","A","2006",31678.341063254,
"SVN","AVWAGE","TOT","USD","A","2007",32368.2361644724,
"SVN","AVWAGE","TOT","USD","A","2008",32855.6071457923,
"SVN","AVWAGE","TOT","USD","A","2009",33166.4974124456,
"SVN","AVWAGE","TOT","USD","A","2010",34188.9046748403,
"SVN","AVWAGE","TOT","USD","A","2011",34047.0133538648,
"SVN","AVWAGE","TOT","USD","A","2012",32965.3872791306,
"SVN","AVWAGE","TOT","USD","A","2013",32506.3604595362,
"SVN","AVWAGE","TOT","USD","A","2014",33045.4909388131,
"SVN","AVWAGE","TOT","USD","A","2015",33699.331893987,
"SVN","AVWAGE","TOT","USD","A","2016",34732.3770193207,
"SVN","AVWAGE","TOT","USD","A","2017",34932.728296191,
"ISL","AVWAGE","TOT","USD","A","1990",34824.7723765604,
"ISL","AVWAGE","TOT","USD","A","1991",37649.3886165051,
"ISL","AVWAGE","TOT","USD","A","1992",36358.3810953236,
"ISL","AVWAGE","TOT","USD","A","1993",34452.993879479,
"ISL","AVWAGE","TOT","USD","A","1994",35140.81771836,
"ISL","AVWAGE","TOT","USD","A","1995",35969.9596932667,
"ISL","AVWAGE","TOT","USD","A","1996",36734.1873248365,
"ISL","AVWAGE","TOT","USD","A","1997",38586.9591383001,
"ISL","AVWAGE","TOT","USD","A","1998",43399.8255001873,
"ISL","AVWAGE","TOT","USD","A","1999",44792.429279707,
"ISL","AVWAGE","TOT","USD","A","2000",45708.3237601044,
"ISL","AVWAGE","TOT","USD","A","2001",45410.541346608,
"ISL","AVWAGE","TOT","USD","A","2002",46717.8588861425,
"ISL","AVWAGE","TOT","USD","A","2003",45512.5353589283,
"ISL","AVWAGE","TOT","USD","A","2004",48585.7364268808,
"ISL","AVWAGE","TOT","USD","A","2005",52384.6825949625,
"ISL","AVWAGE","TOT","USD","A","2006",54729.6345273829,
"ISL","AVWAGE","TOT","USD","A","2007",56155.915671976,
"ISL","AVWAGE","TOT","USD","A","2008",49839.3557982732,
"ISL","AVWAGE","TOT","USD","A","2009",42617.8246327908,
"ISL","AVWAGE","TOT","USD","A","2010",44557.7137098792,
"ISL","AVWAGE","TOT","USD","A","2011",46773.7655533638,
"ISL","AVWAGE","TOT","USD","A","2012",46953.4181329982,
"ISL","AVWAGE","TOT","USD","A","2013",47910.2097742858,
"ISL","AVWAGE","TOT","USD","A","2014",48233.6896758778,
"ISL","AVWAGE","TOT","USD","A","2015",51758.6170530446,
"ISL","AVWAGE","TOT","USD","A","2016",56093.5853787221,
"ISL","AVWAGE","TOT","USD","A","2017",61786.8873117399,
"NZL","AVWAGE","TOT","USD","A","1990",28797.8976062793,
"NZL","AVWAGE","TOT","USD","A","1991",27640.3737219978,
"NZL","AVWAGE","TOT","USD","A","1992",28844.8564909066,
"NZL","AVWAGE","TOT","USD","A","1993",29618.5870595502,
"NZL","AVWAGE","TOT","USD","A","1994",30170.8324285122,
"NZL","AVWAGE","TOT","USD","A","1995",30009.1388262244,
"NZL","AVWAGE","TOT","USD","A","1996",30524.8539242166,
"NZL","AVWAGE","TOT","USD","A","1997",31353.3942804473,
"NZL","AVWAGE","TOT","USD","A","1998",30877.5058666697,
"NZL","AVWAGE","TOT","USD","A","1999",30444.9771306462,
"NZL","AVWAGE","TOT","USD","A","2000",30589.6510907439,
"NZL","AVWAGE","TOT","USD","A","2001",31152.7236052255,
"NZL","AVWAGE","TOT","USD","A","2002",31742.8532939325,
"NZL","AVWAGE","TOT","USD","A","2003",32902.3478316298,
"NZL","AVWAGE","TOT","USD","A","2004",34064.9755487273,
"NZL","AVWAGE","TOT","USD","A","2005",34644.6586439074,
"NZL","AVWAGE","TOT","USD","A","2006",34866.8067105873,
"NZL","AVWAGE","TOT","USD","A","2007",36919.686623798,
"NZL","AVWAGE","TOT","USD","A","2008",36512.7313615777,
"NZL","AVWAGE","TOT","USD","A","2009",36963.3161394803,
"NZL","AVWAGE","TOT","USD","A","2010",37318.6048176364,
"NZL","AVWAGE","TOT","USD","A","2011",37319.3501901963,
"NZL","AVWAGE","TOT","USD","A","2012",38106.1645582865,
"NZL","AVWAGE","TOT","USD","A","2013",37614.3291557581,
"NZL","AVWAGE","TOT","USD","A","2014",37909.8317530559,
"NZL","AVWAGE","TOT","USD","A","2015",38472.9389493331,
"NZL","AVWAGE","TOT","USD","A","2016",39674.4730156623,
"NZL","AVWAGE","TOT","USD","A","2017",40042.6295981091,
"CHL","AVWAGE","TOT","USD","A","1996",16463.0285728135,
"CHL","AVWAGE","TOT","USD","A","1997",17618.5083255125,
"CHL","AVWAGE","TOT","USD","A","1998",18450.0510352717,
"CHL","AVWAGE","TOT","USD","A","1999",19624.0620206857,
"CHL","AVWAGE","TOT","USD","A","2000",19587.6347557444,
"CHL","AVWAGE","TOT","USD","A","2001",20206.7448400711,
"CHL","AVWAGE","TOT","USD","A","2002",20467.6468815114,
"CHL","AVWAGE","TOT","USD","A","2003",21190.9910558856,
"CHL","AVWAGE","TOT","USD","A","2004",21723.7589769357,
"CHL","AVWAGE","TOT","USD","A","2005",21556.652898129,
"CHL","AVWAGE","TOT","USD","A","2006",21110.6175641561,
"CHL","AVWAGE","TOT","USD","A","2007",21185.8964810005,
"CHL","AVWAGE","TOT","USD","A","2008",21599.6246016343,
"CHL","AVWAGE","TOT","USD","A","2009",23188.2464189402,
"CHL","AVWAGE","TOT","USD","A","2010",24077.9430463913,
"CHL","AVWAGE","TOT","USD","A","2011",24220.2792249999,
"CHL","AVWAGE","TOT","USD","A","2012",24979.8166824287,
"CHL","AVWAGE","TOT","USD","A","2013",25651.3959603322,
"CHL","AVWAGE","TOT","USD","A","2014",25958.1345732436,
"CHL","AVWAGE","TOT","USD","A","2015",25748.0101323588,
"CHL","AVWAGE","TOT","USD","A","2016",26218.8774918009,
"CHL","AVWAGE","TOT","USD","A","2017",25878.9466983828,
"LVA","AVWAGE","TOT","USD","A","1996",8974.63885392986,
"LVA","AVWAGE","TOT","USD","A","1997",9392.27178073153,
"LVA","AVWAGE","TOT","USD","A","1998",9687.41531846652,
"LVA","AVWAGE","TOT","USD","A","1999",10098.2470861051,
"LVA","AVWAGE","TOT","USD","A","2000",10641.7357244874,
"LVA","AVWAGE","TOT","USD","A","2001",11002.3866211088,
"LVA","AVWAGE","TOT","USD","A","2002",10653.6390969875,
"LVA","AVWAGE","TOT","USD","A","2003",11446.2619218138,
"LVA","AVWAGE","TOT","USD","A","2004",12393.7716823549,
"LVA","AVWAGE","TOT","USD","A","2005",14424.9804623243,
"LVA","AVWAGE","TOT","USD","A","2006",15923.0248975676,
"LVA","AVWAGE","TOT","USD","A","2007",19642.1805360479,
"LVA","AVWAGE","TOT","USD","A","2008",20291.6227742549,
"LVA","AVWAGE","TOT","USD","A","2009",18321.4595582997,
"LVA","AVWAGE","TOT","USD","A","2010",17601.0895696464,
"LVA","AVWAGE","TOT","USD","A","2011",16987.9452726834,
"LVA","AVWAGE","TOT","USD","A","2012",17698.7430288766,
"LVA","AVWAGE","TOT","USD","A","2013",18546.0195288616,
"LVA","AVWAGE","TOT","USD","A","2014",19783.0492501142,
"LVA","AVWAGE","TOT","USD","A","2015",21587.446375434,
"LVA","AVWAGE","TOT","USD","A","2016",22726.2934400428,
"LVA","AVWAGE","TOT","USD","A","2017",23683.2583014375,
"LTU","AVWAGE","TOT","USD","A","1995",5543.95473993982,
"LTU","AVWAGE","TOT","USD","A","1996",7142.35234052827,
"LTU","AVWAGE","TOT","USD","A","1997",8490.31701865993,
"LTU","AVWAGE","TOT","USD","A","1998",9693.32596510153,
"LTU","AVWAGE","TOT","USD","A","1999",9899.89803590013,
"LTU","AVWAGE","TOT","USD","A","2000",9544.1448060243,
"LTU","AVWAGE","TOT","USD","A","2001",10090.7155497016,
"LTU","AVWAGE","TOT","USD","A","2002",10532.4625059827,
"LTU","AVWAGE","TOT","USD","A","2003",11232.2559474459,
"LTU","AVWAGE","TOT","USD","A","2004",12157.152832794,
"LTU","AVWAGE","TOT","USD","A","2005",13469.1088984184,
"LTU","AVWAGE","TOT","USD","A","2006",15788.041042972,
"LTU","AVWAGE","TOT","USD","A","2007",17403.4765992335,
"LTU","AVWAGE","TOT","USD","A","2008",19086.8809172176,
"LTU","AVWAGE","TOT","USD","A","2009",17519.0056200028,
"LTU","AVWAGE","TOT","USD","A","2010",17530.1709328906,
"LTU","AVWAGE","TOT","USD","A","2011",18345.1219364369,
"LTU","AVWAGE","TOT","USD","A","2012",18854.0271629848,
"LTU","AVWAGE","TOT","USD","A","2013",19607.9555360172,
"LTU","AVWAGE","TOT","USD","A","2014",20392.8932733805,
"LTU","AVWAGE","TOT","USD","A","2015",21416.7244683409,
"LTU","AVWAGE","TOT","USD","A","2016",22562.3852919533,
"LTU","AVWAGE","TOT","USD","A","2017",24286.869242824,
